[{"pk": 1, "model": "corewine.acidity", "fields": {"acidity": "Mou", "created": "2013-10-26T04:00:00Z", "acidity_fr": "Mou", "last_modified": "2013-10-31T22:12:02.799Z", "acidity_en": null, "order": 1}}, {"pk": 2, "model": "corewine.acidity", "fields": {"acidity": "Vif", "created": "2013-10-26T04:00:00Z", "acidity_fr": "Vif", "last_modified": "2013-10-31T22:12:22.381Z", "acidity_en": null, "order": 3}}, {"pk": 3, "model": "corewine.acidity", "fields": {"acidity": "Nerveux", "created": "2013-10-26T04:00:00Z", "acidity_fr": "Nerveux", "last_modified": "2013-10-31T22:12:30.794Z", "acidity_en": null, "order": 4}}, {"pk": 4, "model": "corewine.acidity", "fields": {"acidity": "Frais", "created": "2013-10-26T04:00:00Z", "acidity_fr": "Frais", "last_modified": "2013-10-31T22:12:11.995Z", "acidity_en": null, "order": 2}}, {"pk": 5, "model": "corewine.acidity", "fields": {"acidity": "Mordant", "created": "2013-10-26T04:00:00Z", "acidity_fr": "Mordant", "last_modified": "2013-10-31T22:12:42.405Z", "acidity_en": null, "order": 5}}, {"pk": 6, "model": "corewine.acidity", "fields": {"acidity": "Excessif", "created": "2013-10-26T04:00:00Z", "acidity_fr": "Excessif", "last_modified": "2013-10-31T22:12:51.664Z", "acidity_en": null, "order": 6}}, {"pk": 1, "model": "corewine.aroma", "fields": {"created": "2013-10-26T04:00:00Z", "aroma": "Fruit\u00e9", "last_modified": "2013-10-31T22:17:00.572Z", "aroma_en": null, "aroma_fr": "Fruit\u00e9", "order": 5}}, {"pk": 2, "model": "corewine.aroma", "fields": {"created": "2013-10-26T04:00:00Z", "aroma": "Bois\u00e9", "last_modified": "2013-10-31T22:16:32.260Z", "aroma_en": null, "aroma_fr": "Bois\u00e9", "order": 2}}, {"pk": 3, "model": "corewine.aroma", "fields": {"created": "2013-10-26T04:00:00Z", "aroma": "Animal", "last_modified": "2013-10-31T22:16:11.378Z", "aroma_en": null, "aroma_fr": "Animal", "order": 1}}, {"pk": 4, "model": "corewine.aroma", "fields": {"created": "2013-10-26T04:00:00Z", "aroma": "\u00c9pic\u00e9", "last_modified": "2013-10-31T22:16:43.233Z", "aroma_en": null, "aroma_fr": "\u00c9pic\u00e9", "order": 3}}, {"pk": 5, "model": "corewine.aroma", "fields": {"created": "2013-10-26T04:00:00Z", "aroma": "Floral", "last_modified": "2013-10-31T22:16:51.689Z", "aroma_en": null, "aroma_fr": "Floral", "order": 4}}, {"pk": 6, "model": "corewine.aroma", "fields": {"created": "2013-10-26T04:00:00Z", "aroma": "V\u00e9g\u00e9tal", "last_modified": "2013-10-31T22:17:07.915Z", "aroma_en": null, "aroma_fr": "V\u00e9g\u00e9tal", "order": 6}}, {"pk": 7, "model": "corewine.tanin", "fields": {"tanin_fr": "Soyeux", "created": "2013-10-26T04:00:00Z", "tanin": "Soyeux", "last_modified": "2013-10-31T23:57:23.376Z", "tanin_en": null, "order": 2}}, {"pk": 8, "model": "corewine.tanin", "fields": {"tanin_fr": "Fins", "created": "2013-10-26T04:00:00Z", "tanin": "Fins", "last_modified": "2013-10-31T23:57:15.193Z", "tanin_en": null, "order": 1}}, {"pk": 9, "model": "corewine.tanin", "fields": {"tanin_fr": "R\u00e2peux", "created": "2013-10-26T04:00:00Z", "tanin": "R\u00e2peux", "last_modified": "2013-10-31T23:57:33.837Z", "tanin_en": null, "order": 3}}, {"pk": 10, "model": "corewine.tanin", "fields": {"tanin_fr": "Rugueux", "created": "2013-10-26T04:00:00Z", "tanin": "Rugueux", "last_modified": "2013-10-31T23:57:55.368Z", "tanin_en": null, "order": 4}}, {"pk": 11, "model": "corewine.tanin", "fields": {"tanin_fr": "Astringents", "created": "2013-10-26T04:00:00Z", "tanin": "Astringents", "last_modified": "2013-10-31T23:57:50.191Z", "tanin_en": null, "order": 5}}, {"pk": 1, "model": "corewine.teint", "fields": {"created": "2013-10-26T04:00:00Z", "teint": "Rubis", "last_modified": "2013-10-31T22:19:21.679Z", "teint_en": null, "wineType": "r", "order": 3, "teint_fr": "Rubis"}}, {"pk": 2, "model": "corewine.teint", "fields": {"created": "2013-10-26T04:00:00Z", "teint": "Grenat", "last_modified": "2013-10-31T22:19:09.253Z", "teint_en": null, "wineType": "r", "order": 2, "teint_fr": "Grenat"}}, {"pk": 3, "model": "corewine.teint", "fields": {"created": "2013-10-26T04:00:00Z", "teint": "Reflets Verts", "last_modified": "2013-10-31T22:19:59.116Z", "teint_en": null, "wineType": "w", "order": 1, "teint_fr": "Reflets Verts"}}, {"pk": 4, "model": "corewine.teint", "fields": {"created": "2013-10-26T04:00:00Z", "teint": "Jaune P\u00e2le", "last_modified": "2013-10-31T22:20:08.549Z", "teint_en": null, "wineType": "w", "order": 2, "teint_fr": "Jaune P\u00e2le"}}, {"pk": 5, "model": "corewine.teint", "fields": {"created": "2013-10-26T04:00:00Z", "teint": "Dor\u00e9", "last_modified": "2013-10-31T22:20:16.689Z", "teint_en": null, "wineType": "w", "order": 3, "teint_fr": "Dor\u00e9"}}, {"pk": 6, "model": "corewine.teint", "fields": {"created": "2013-10-26T04:00:00Z", "teint": "Jaune Paille", "last_modified": "2013-10-31T22:20:40.139Z", "teint_en": null, "wineType": "w", "order": 4, "teint_fr": "Jaune Paille"}}, {"pk": 7, "model": "corewine.teint", "fields": {"created": "2013-10-26T04:00:00Z", "teint": "Ambr\u00e9", "last_modified": "2013-10-31T22:20:53.031Z", "teint_en": null, "wineType": "w", "order": 5, "teint_fr": "Ambr\u00e9"}}, {"pk": 8, "model": "corewine.teint", "fields": {"created": "2013-10-26T04:00:00Z", "teint": "Pourpre", "last_modified": "2013-10-31T22:19:01.209Z", "teint_en": null, "wineType": "r", "order": 1, "teint_fr": "Pourpre"}}, {"pk": 9, "model": "corewine.teint", "fields": {"created": "2013-10-26T04:00:00Z", "teint": "Cerise", "last_modified": "2013-10-31T22:19:28.363Z", "teint_en": null, "wineType": "r", "order": 4, "teint_fr": "Cerise"}}, {"pk": 10, "model": "corewine.teint", "fields": {"created": "2013-10-26T04:00:00Z", "teint": "Brique", "last_modified": "2013-10-31T22:19:36.539Z", "teint_en": null, "wineType": "r", "order": 5, "teint_fr": "Brique"}}, {"pk": 11, "model": "corewine.teint", "fields": {"created": "2013-10-26T04:00:00Z", "teint": "Orang\u00e9", "last_modified": "2013-10-31T22:19:46.618Z", "teint_en": null, "wineType": "r", "order": 6, "teint_fr": "Orang\u00e9"}}, {"pk": 1, "model": "corewine.taste", "fields": {"taste_en": null, "created": "2013-10-26T04:00:00Z", "taste": "Animal", "taste_fr": "Animal", "last_modified": "2013-10-31T22:09:18.295Z", "order": 1}}, {"pk": 2, "model": "corewine.taste", "fields": {"taste_en": null, "created": "2013-10-26T04:00:00Z", "taste": "Bois\u00e9", "taste_fr": "Bois\u00e9", "last_modified": "2013-10-31T22:17:32.312Z", "order": 2}}, {"pk": 3, "model": "corewine.taste", "fields": {"taste_en": null, "created": "2013-10-26T04:00:00Z", "taste": "\u00c9pic\u00e9", "taste_fr": "\u00c9pic\u00e9", "last_modified": "2013-10-31T22:17:40.045Z", "order": 3}}, {"pk": 4, "model": "corewine.taste", "fields": {"taste_en": null, "created": "2013-10-26T04:00:00Z", "taste": "Floral", "taste_fr": "Floral", "last_modified": "2013-10-31T22:17:50.840Z", "order": 4}}, {"pk": 5, "model": "corewine.taste", "fields": {"taste_en": null, "created": "2013-10-26T04:00:00Z", "taste": "Fruit\u00e9", "taste_fr": "Fruit\u00e9", "last_modified": "2013-10-31T22:17:59.463Z", "order": 5}}, {"pk": 6, "model": "corewine.taste", "fields": {"taste_en": null, "created": "2013-10-26T04:00:00Z", "taste": "V\u00e9g\u00e9tal", "taste_fr": "V\u00e9g\u00e9tal", "last_modified": "2013-10-31T22:18:09.695Z", "order": 6}}, {"pk": 1, "model": "corewine.country", "fields": {"status": "a", "created": "2013-10-26T04:00:00Z", "country": "France", "country_en": "France", "country_fr": "France", "last_modified": "2013-10-26T04:00:00Z"}}, {"pk": 2, "model": "corewine.country", "fields": {"status": "a", "created": "2013-10-26T04:00:00Z", "country": "Spain", "country_en": "Spain", "country_fr": "Espagne", "last_modified": "2013-10-26T04:00:00Z"}}, {"pk": 3, "model": "corewine.country", "fields": {"status": "a", "created": "2013-10-26T04:00:00Z", "country": "Germany", "country_en": "Germany", "country_fr": "Allemagne", "last_modified": "2013-10-26T04:00:00Z"}}, {"pk": 4, "model": "corewine.country", "fields": {"status": "a", "created": "2013-10-26T04:00:00Z", "country": "Italy", "country_en": "Italy", "country_fr": "Italie", "last_modified": "2013-10-26T04:00:00Z"}}, {"pk": 5, "model": "corewine.country", "fields": {"status": "a", "created": "2013-10-26T04:00:00Z", "country": "Portugal", "country_en": "Portugal", "country_fr": "Portugal", "last_modified": "2013-10-26T04:00:00Z"}}, {"pk": 6, "model": "corewine.country", "fields": {"status": "a", "created": "2013-10-26T04:00:00Z", "country": "United States", "country_en": "United States", "country_fr": "\u00c9tats-Unis", "last_modified": "2013-10-26T04:00:00Z"}}, {"pk": 7, "model": "corewine.country", "fields": {"status": "a", "created": "2013-10-26T04:00:00Z", "country": "Australia", "country_en": "Australia", "country_fr": "Australie", "last_modified": "2013-10-26T04:00:00Z"}}, {"pk": 8, "model": "corewine.country", "fields": {"status": "a", "created": "2013-10-26T04:00:00Z", "country": "New Zealand", "country_en": "New Zealand", "country_fr": "Nouvelle-Z\u00e9lande", "last_modified": "2013-10-26T04:00:00Z"}}, {"pk": 9, "model": "corewine.country", "fields": {"status": "a", "created": "2013-10-26T04:00:00Z", "country": "South Africa", "country_en": "South Africa", "country_fr": "Afrique du Sud", "last_modified": "2013-10-26T04:00:00Z"}}, {"pk": 10, "model": "corewine.country", "fields": {"status": "a", "created": "2013-10-26T04:00:00Z", "country": "Greece", "country_en": "Greece", "country_fr": "Gr\u00e8ce", "last_modified": "2013-10-26T04:00:00Z"}}, {"pk": 11, "model": "corewine.country", "fields": {"status": "a", "created": "2013-11-02T16:46:27.499Z", "country": "Canada", "country_en": "Canada", "country_fr": "Canada", "last_modified": "2013-11-10T12:24:02.952Z"}}, {"pk": 12, "model": "corewine.country", "fields": {"status": "a", "created": "2013-11-10T20:03:43.469Z", "country": "Argentinia", "country_en": "Argentinia", "country_fr": "Argentine", "last_modified": "2013-11-10T20:03:43.469Z"}}, {"pk": 13, "model": "corewine.country", "fields": {"status": "a", "created": "2013-11-10T20:03:58.474Z", "country": "Chile", "country_en": "Chile", "country_fr": "Chili", "last_modified": "2013-11-10T20:03:58.473Z"}}, {"pk": 14, "model": "corewine.country", "fields": {"status": "a", "created": "2013-11-10T20:05:08.677Z", "country": "China", "country_en": "China", "country_fr": "Chine", "last_modified": "2013-11-10T20:05:08.677Z"}}, {"pk": 15, "model": "corewine.country", "fields": {"status": "a", "created": "2013-11-10T20:05:54.932Z", "country": "Russia", "country_en": "Russia", "country_fr": "Russie", "last_modified": "2013-11-10T20:05:54.932Z"}}, {"pk": 16, "model": "corewine.country", "fields": {"status": "a", "created": "2013-11-10T20:06:08.418Z", "country": "Romania", "country_en": "Romania", "country_fr": "Roumanie", "last_modified": "2013-11-10T20:06:08.417Z"}}, {"pk": 17, "model": "corewine.country", "fields": {"status": "a", "created": "2013-11-10T20:06:26.643Z", "country": "Brazil", "country_en": "Brazil", "country_fr": "Br\u00e9sil", "last_modified": "2013-11-10T20:06:26.643Z"}}, {"pk": 18, "model": "corewine.country", "fields": {"status": "a", "created": "2013-11-10T20:06:39.761Z", "country": "Hungaria", "country_en": "Hungaria", "country_fr": "Hongrie", "last_modified": "2013-11-10T20:06:39.761Z"}}, {"pk": 19, "model": "corewine.country", "fields": {"status": "a", "created": "2013-11-10T20:07:00.186Z", "country": "Austria", "country_en": "Austria", "country_fr": "Autriche", "last_modified": "2013-11-10T20:07:00.186Z"}}, {"pk": 20, "model": "corewine.country", "fields": {"status": "a", "created": "2013-11-10T20:07:13.291Z", "country": "Ukraine", "country_en": "Ukraine", "country_fr": "Ukraine", "last_modified": "2013-11-10T20:07:13.291Z"}}, {"pk": 21, "model": "corewine.country", "fields": {"status": "a", "created": "2013-11-10T20:07:23.206Z", "country": "Bulgaria", "country_en": "Bulgaria", "country_fr": "Bulgarie", "last_modified": "2013-11-10T20:07:23.206Z"}}, {"pk": 22, "model": "corewine.country", "fields": {"status": "a", "created": "2013-11-10T20:07:33.175Z", "country": "Croatia", "country_en": "Croatia", "country_fr": "Croatie", "last_modified": "2013-11-10T20:07:33.175Z"}}, {"pk": 23, "model": "corewine.country", "fields": {"status": "a", "created": "2013-11-10T20:07:46.177Z", "country": "Moldavia", "country_en": "Moldavia", "country_fr": "Moldavie", "last_modified": "2013-11-10T20:07:46.177Z"}}, {"pk": 24, "model": "corewine.country", "fields": {"status": "a", "created": "2013-11-21T01:22:37.612Z", "country": "Belgium", "country_en": "Belgium", "country_fr": "Belgique", "last_modified": "2013-11-21T01:22:37.612Z"}}, {"pk": 4, "model": "corewine.appelation", "fields": {"status": "a", "appelation_en": "Chianti", "created": "2013-11-03T17:00:26.995Z", "country": 2, "last_modified": "2013-11-20T03:44:24.313Z", "appelation_fr": "Chianti", "appelation": "Chianti"}}, {"pk": 6, "model": "corewine.appelation", "fields": {"status": "a", "appelation_en": null, "created": "2013-11-07T23:39:34.479Z", "country": 2, "last_modified": "2013-11-11T23:52:57.477Z", "appelation_fr": "Loire", "appelation": "Loire"}}, {"pk": 8, "model": "corewine.appelation", "fields": {"status": "a", "appelation_en": null, "created": "2013-11-08T00:37:58.944Z", "country": 2, "last_modified": "2013-11-13T00:04:08.025Z", "appelation_fr": "Madiran", "appelation": "Madiran"}}, {"pk": 9, "model": "corewine.appelation", "fields": {"status": "a", "appelation_en": null, "created": "2013-11-08T00:48:51.885Z", "country": 2, "last_modified": "2013-11-11T23:44:27.790Z", "appelation_fr": "Languedoc", "appelation": "Languedoc"}}, {"pk": 10, "model": "corewine.appelation", "fields": {"status": "a", "appelation_en": null, "created": "2013-11-09T15:00:54.658Z", "country": 2, "last_modified": "2013-11-09T15:02:08.895Z", "appelation_fr": "Muscadet-S\u00e8vre-et-Moine", "appelation": "Muscadet-S\u00e8vre-et-Moine"}}, {"pk": 11, "model": "corewine.appelation", "fields": {"status": "a", "appelation_en": null, "created": "2013-11-09T21:57:11.232Z", "country": 2, "last_modified": "2013-11-09T21:58:57.470Z", "appelation_fr": "Muscadet", "appelation": "Muscadet"}}, {"pk": 12, "model": "corewine.appelation", "fields": {"status": "a", "appelation_en": "Bierzo", "created": "2013-11-10T19:21:54.699Z", "country": 2, "last_modified": "2013-11-12T01:24:51.600Z", "appelation_fr": "Bierzo", "appelation": "Bierzo"}}, {"pk": 13, "model": "corewine.appelation", "fields": {"status": "a", "appelation_en": "C\u00f4te De Nuit Village", "created": "2013-11-11T02:03:51.700Z", "country": 2, "last_modified": "2013-11-21T00:45:31.425Z", "appelation_fr": "C\u00f4te De Nuit Village", "appelation": "C\u00f4te De Nuit Village"}}, {"pk": 14, "model": "corewine.appelation", "fields": {"status": "a", "appelation_en": null, "created": "2013-11-11T02:09:04.620Z", "country": 1, "last_modified": "2013-11-21T02:39:05.490Z", "appelation_fr": "Saint-Est\u00e8phe Contr\u00f4l\u00e9e", "appelation": "Saint-Est\u00e8phe Contr\u00f4l\u00e9e"}}, {"pk": 16, "model": "corewine.appelation", "fields": {"status": "a", "appelation_en": null, "created": "2013-11-11T02:17:55.113Z", "country": 2, "last_modified": "2013-11-11T02:21:25.957Z", "appelation_fr": "Rioja", "appelation": "Rioja"}}, {"pk": 17, "model": "corewine.appelation", "fields": {"status": "a", "appelation_en": null, "created": "2013-11-11T23:25:56.351Z", "country": 2, "last_modified": "2013-11-11T23:25:56.351Z", "appelation_fr": "Moulin-a-vent", "appelation": "Moulin-a-vent"}}, {"pk": 18, "model": "corewine.appelation", "fields": {"status": "a", "appelation_en": null, "created": "2013-11-11T23:56:41.951Z", "country": 1, "last_modified": "2013-11-21T02:38:57.515Z", "appelation_fr": "Saint-Joseph", "appelation": "Saint-Joseph"}}, {"pk": 1, "model": "corewine.cepage", "fields": {"status": "a", "cepage": "Pinot Noir", "last_modified": "2013-11-11T02:07:30.974Z", "wineType": "r", "created": "2013-10-17T04:00:00Z"}}, {"pk": 3, "model": "corewine.cepage", "fields": {"status": "a", "cepage": "Cabernet", "last_modified": "2013-11-11T02:10:23.985Z", "wineType": "w", "created": "2013-10-17T04:00:00Z"}}, {"pk": 4, "model": "corewine.cepage", "fields": {"status": "a", "cepage": "Cabernet Sauvignon", "last_modified": "2013-11-11T02:14:27.575Z", "wineType": "w", "created": "2013-10-17T04:00:00Z"}}, {"pk": 5, "model": "corewine.cepage", "fields": {"status": "a", "cepage": "Merlot", "last_modified": "2013-11-11T02:14:27.611Z", "wineType": "r", "created": "2013-10-17T04:00:00Z"}}, {"pk": 6, "model": "corewine.cepage", "fields": {"status": "a", "cepage": "Cabernet Franc", "last_modified": "2013-11-10T19:58:50.727Z", "wineType": "w", "created": "2013-10-17T04:00:00Z"}}, {"pk": 7, "model": "corewine.cepage", "fields": {"status": "a", "cepage": "Siangovese", "last_modified": "2013-11-10T19:21:59.805Z", "wineType": "r", "created": "2013-10-17T04:00:00Z"}}, {"pk": 8, "model": "corewine.cepage", "fields": {"status": "a", "cepage": "Syrah", "last_modified": "2013-11-11T23:56:41.923Z", "wineType": "r", "created": "2013-10-17T04:00:00Z"}}, {"pk": 9, "model": "corewine.cepage", "fields": {"status": "a", "cepage": "Tempranillo", "last_modified": "2013-11-11T02:21:26.053Z", "wineType": "r", "created": "2013-11-11T02:21:26.053Z"}}, {"pk": 10, "model": "corewine.cepage", "fields": {"status": "a", "cepage": "Grenache", "last_modified": "2013-11-11T02:21:26.114Z", "wineType": "r", "created": "2013-11-11T02:21:26.114Z"}}, {"pk": 11, "model": "corewine.cepage", "fields": {"status": "a", "cepage": "Mazuelo", "last_modified": "2013-11-11T02:21:26.149Z", "wineType": "r", "created": "2013-11-11T02:21:26.149Z"}}, {"pk": 12, "model": "corewine.cepage", "fields": {"status": "a", "cepage": "Grariano", "last_modified": "2013-11-11T02:21:26.182Z", "wineType": "r", "created": "2013-11-11T02:21:26.182Z"}}, {"pk": 13, "model": "corewine.cepage", "fields": {"status": "a", "cepage": "Gamay", "last_modified": "2013-11-11T23:25:56.325Z", "wineType": "r", "created": "2013-11-11T23:25:56.325Z"}}, {"pk": 14, "model": "corewine.cepage", "fields": {"status": "a", "cepage": "Nebiolo", "last_modified": "2013-11-11T23:36:04.137Z", "wineType": "r", "created": "2013-11-11T23:36:04.137Z"}}, {"pk": 15, "model": "corewine.cepage", "fields": {"status": "a", "cepage": "Chardonnay", "last_modified": "2013-11-13T00:04:07.973Z", "wineType": "r", "created": "2013-11-11T23:58:57.487Z"}}, {"pk": 16, "model": "corewine.cepage", "fields": {"status": "a", "cepage": "Muscadet", "last_modified": "2013-11-12T00:02:06.804Z", "wineType": "w", "created": "2013-11-12T00:01:32.577Z"}}, {"pk": 5, "model": "corewine.region", "fields": {"status": "a", "created": "2013-11-03T01:48:05.373Z", "country": 1, "region": "Loire", "last_modified": "2013-11-11T23:52:57.444Z", "region_en": null, "region_fr": "Loire"}}, {"pk": 6, "model": "corewine.region", "fields": {"status": "a", "created": "2013-11-07T01:07:13.168Z", "country": 1, "region": "South-West", "last_modified": "2013-11-12T01:46:02.165Z", "region_en": "South-West", "region_fr": "Sud-Ouest"}}, {"pk": 8, "model": "corewine.region", "fields": {"status": "a", "created": "2013-11-10T16:13:42.199Z", "country": 4, "region": "V\u00e9n\u00e9tie", "last_modified": "2013-11-20T03:52:46.731Z", "region_en": "V\u00e9n\u00e9tie", "region_fr": "V\u00e9n\u00e9tie"}}, {"pk": 9, "model": "corewine.region", "fields": {"status": "a", "created": "2013-11-10T19:21:54.333Z", "country": 2, "region": "Castile Et Leon", "last_modified": "2013-11-20T03:53:17.840Z", "region_en": "Castile Et Leon", "region_fr": "Castile Et Leon"}}, {"pk": 10, "model": "corewine.region", "fields": {"status": "a", "created": "2013-11-10T19:45:42.785Z", "country": 1, "region": "Alsace", "last_modified": "2013-11-20T03:35:07.986Z", "region_en": null, "region_fr": "Alsace"}}, {"pk": 11, "model": "corewine.region", "fields": {"status": "a", "created": "2013-11-10T19:58:50.484Z", "country": 1, "region": "Moselle", "last_modified": "2013-11-12T00:02:06.754Z", "region_en": null, "region_fr": "Moselle"}}, {"pk": 12, "model": "corewine.region", "fields": {"status": "a", "created": "2013-11-11T02:03:51.583Z", "country": 1, "region": "Bourgogne", "last_modified": "2013-11-11T23:44:27.755Z", "region_en": null, "region_fr": "Bourgogne"}}, {"pk": 13, "model": "corewine.region", "fields": {"status": "a", "created": "2013-11-11T02:09:04.517Z", "country": 1, "region": "Bordeaux", "last_modified": "2013-11-21T00:45:31.368Z", "region_en": "Bordeaux", "region_fr": "Bordeaux"}}, {"pk": 14, "model": "corewine.region", "fields": {"status": "a", "created": "2013-11-11T02:13:31.539Z", "country": 4, "region": "Toscane", "last_modified": "2013-11-20T03:52:52.991Z", "region_en": "Toscane", "region_fr": "Toscane"}}, {"pk": 16, "model": "corewine.region", "fields": {"status": "a", "created": "2013-11-11T23:25:56.293Z", "country": 1, "region": "Beaujolais", "last_modified": "2013-11-20T03:44:24.275Z", "region_en": "Beaujolais", "region_fr": "Beaujolais"}}, {"pk": 17, "model": "corewine.region", "fields": {"status": "a", "created": "2013-11-11T23:35:11.126Z", "country": 7, "region": "Victoria", "last_modified": "2013-11-21T00:57:37.423Z", "region_en": "Victoria", "region_fr": "Victoria"}}, {"pk": 18, "model": "corewine.region", "fields": {"status": "a", "created": "2013-11-11T23:56:41.890Z", "country": 1, "region": "Nord-Du-Rhone", "last_modified": "2013-11-11T23:56:41.890Z", "region_en": null, "region_fr": "Nord-Du-Rhone"}}, {"pk": 19, "model": "corewine.region", "fields": {"status": "a", "created": "2013-11-11T23:58:57.418Z", "country": 6, "region": "Sonoma Coast", "last_modified": "2013-11-20T03:52:06.439Z", "region_en": "Sonoma Coast", "region_fr": "Sonoma Coast"}}, {"pk": 20, "model": "corewine.region", "fields": {"status": "a", "created": "2013-11-21T00:49:35.427Z", "country": 9, "region": "Worcester", "last_modified": "2013-11-21T00:49:35.427Z", "region_en": null, "region_fr": "Worcester"}}, {"pk": 21, "model": "corewine.region", "fields": {"status": "a", "created": "2013-11-21T00:49:42.616Z", "country": 9, "region": "Paarl", "last_modified": "2013-11-21T00:49:42.616Z", "region_en": null, "region_fr": "Paarl"}}, {"pk": 22, "model": "corewine.region", "fields": {"status": "a", "created": "2013-11-21T00:49:50.551Z", "country": 9, "region": "Stellenbosch", "last_modified": "2013-11-21T00:49:50.551Z", "region_en": null, "region_fr": "Stellenbosch"}}, {"pk": 23, "model": "corewine.region", "fields": {"status": "a", "created": "2013-11-21T00:49:58.020Z", "country": 9, "region": "Orange River", "last_modified": "2013-11-21T00:49:58.020Z", "region_en": null, "region_fr": "Orange River"}}, {"pk": 24, "model": "corewine.region", "fields": {"status": "a", "created": "2013-11-21T00:50:05.241Z", "country": 9, "region": "Malmesbury", "last_modified": "2013-11-21T00:50:05.241Z", "region_en": null, "region_fr": "Malmesbury"}}, {"pk": 25, "model": "corewine.region", "fields": {"status": "a", "created": "2013-11-21T00:50:11.895Z", "country": 9, "region": "Robertson", "last_modified": "2013-11-21T00:50:11.895Z", "region_en": null, "region_fr": "Robertson"}}, {"pk": 26, "model": "corewine.region", "fields": {"status": "a", "created": "2013-11-21T00:50:21.043Z", "country": 9, "region": "Olifants River", "last_modified": "2013-11-21T00:50:21.043Z", "region_en": null, "region_fr": "Olifants River"}}, {"pk": 27, "model": "corewine.region", "fields": {"status": "a", "created": "2013-11-21T00:50:28.047Z", "country": 9, "region": "Little Karoo", "last_modified": "2013-11-21T00:50:28.047Z", "region_en": null, "region_fr": "Little Karoo"}}, {"pk": 28, "model": "corewine.region", "fields": {"status": "a", "created": "2013-11-21T00:51:11.648Z", "country": 3, "region": "Hesse-Rhenanie", "last_modified": "2013-11-21T00:51:11.648Z", "region_en": null, "region_fr": "Hesse-Rhenanie"}}, {"pk": 29, "model": "corewine.region", "fields": {"status": "a", "created": "2013-11-21T00:51:17.811Z", "country": 3, "region": "Palatinat", "last_modified": "2013-11-21T00:51:17.811Z", "region_en": null, "region_fr": "Palatinat"}}, {"pk": 30, "model": "corewine.region", "fields": {"status": "a", "created": "2013-11-21T00:51:29.102Z", "country": 3, "region": "Mosel-Saar-Ruwer", "last_modified": "2013-11-21T00:51:29.102Z", "region_en": null, "region_fr": "Mosel-Saar-Ruwer"}}, {"pk": 31, "model": "corewine.region", "fields": {"status": "a", "created": "2013-11-21T00:51:44.381Z", "country": 3, "region": "Bade", "last_modified": "2013-11-21T00:51:44.381Z", "region_en": null, "region_fr": "Bade"}}, {"pk": 32, "model": "corewine.region", "fields": {"status": "a", "created": "2013-11-21T00:51:55.501Z", "country": 3, "region": "W\u00fcrtenberg", "last_modified": "2013-11-21T00:51:55.501Z", "region_en": null, "region_fr": "W\u00fcrtenberg"}}, {"pk": 33, "model": "corewine.region", "fields": {"status": "a", "created": "2013-11-21T00:52:02.176Z", "country": 3, "region": "Franconie", "last_modified": "2013-11-21T00:52:02.176Z", "region_en": null, "region_fr": "Franconie"}}, {"pk": 34, "model": "corewine.region", "fields": {"status": "a", "created": "2013-11-21T00:52:07.740Z", "country": 3, "region": "Nahe", "last_modified": "2013-11-21T00:52:07.740Z", "region_en": null, "region_fr": "Nahe"}}, {"pk": 35, "model": "corewine.region", "fields": {"status": "a", "created": "2013-11-21T00:52:16.578Z", "country": 3, "region": "Rheingau", "last_modified": "2013-11-21T00:52:16.578Z", "region_en": null, "region_fr": "Rheingau"}}, {"pk": 36, "model": "corewine.region", "fields": {"status": "a", "created": "2013-11-21T00:52:30.442Z", "country": 3, "region": "Mittelrhein", "last_modified": "2013-11-21T00:52:30.442Z", "region_en": null, "region_fr": "Mittelrhein"}}, {"pk": 37, "model": "corewine.region", "fields": {"status": "a", "created": "2013-11-21T00:52:46.319Z", "country": 3, "region": "Vall\u00e9e De L'Ahr", "last_modified": "2013-11-21T00:52:46.319Z", "region_en": null, "region_fr": "Vall\u00e9e De L'Ahr"}}, {"pk": 38, "model": "corewine.region", "fields": {"status": "a", "created": "2013-11-21T00:52:57.866Z", "country": 3, "region": "Essouche Perp\u00e9trasse", "last_modified": "2013-11-21T00:52:57.866Z", "region_en": null, "region_fr": "Essouche Perp\u00e9trasse"}}, {"pk": 39, "model": "corewine.region", "fields": {"status": "a", "created": "2013-11-21T00:53:02.952Z", "country": 3, "region": "Saxe", "last_modified": "2013-11-21T00:53:02.952Z", "region_en": null, "region_fr": "Saxe"}}, {"pk": 40, "model": "corewine.region", "fields": {"status": "a", "created": "2013-11-21T00:53:20.197Z", "country": 3, "region": "Saale-Unstrut", "last_modified": "2013-11-21T00:53:20.197Z", "region_en": null, "region_fr": "Saale-Unstrut"}}, {"pk": 41, "model": "corewine.region", "fields": {"status": "a", "created": "2013-11-21T00:54:08.396Z", "country": 12, "region": "Mendoza", "last_modified": "2013-11-21T00:54:08.395Z", "region_en": null, "region_fr": "Mendoza"}}, {"pk": 42, "model": "corewine.region", "fields": {"status": "a", "created": "2013-11-21T00:54:34.062Z", "country": 12, "region": "San Juan", "last_modified": "2013-11-21T00:54:34.062Z", "region_en": null, "region_fr": "San Juan"}}, {"pk": 43, "model": "corewine.region", "fields": {"status": "a", "created": "2013-11-21T00:55:18.244Z", "country": 12, "region": "Rioja", "last_modified": "2013-11-21T00:55:18.244Z", "region_en": null, "region_fr": "Rioja"}}, {"pk": 44, "model": "corewine.region", "fields": {"status": "a", "created": "2013-11-21T00:55:29.009Z", "country": 12, "region": "Catamarca", "last_modified": "2013-11-21T00:55:29.009Z", "region_en": null, "region_fr": "Catamarca"}}, {"pk": 45, "model": "corewine.region", "fields": {"status": "a", "created": "2013-11-21T00:55:33.457Z", "country": 12, "region": "Salta", "last_modified": "2013-11-21T00:55:33.457Z", "region_en": null, "region_fr": "Salta"}}, {"pk": 46, "model": "corewine.region", "fields": {"status": "a", "created": "2013-11-21T00:55:41.646Z", "country": 12, "region": "Jujuy", "last_modified": "2013-11-21T00:55:41.646Z", "region_en": null, "region_fr": "Jujuy"}}, {"pk": 47, "model": "corewine.region", "fields": {"status": "a", "created": "2013-11-21T00:55:51.764Z", "country": 12, "region": "Rio Negro", "last_modified": "2013-11-21T00:55:51.764Z", "region_en": null, "region_fr": "Rio Negro"}}, {"pk": 48, "model": "corewine.region", "fields": {"status": "a", "created": "2013-11-21T00:55:59.296Z", "country": 12, "region": "Neuquen", "last_modified": "2013-11-21T00:55:59.295Z", "region_en": null, "region_fr": "Neuquen"}}, {"pk": 49, "model": "corewine.region", "fields": {"status": "a", "created": "2013-11-21T00:56:06.758Z", "country": 12, "region": "La Pampa", "last_modified": "2013-11-21T00:56:06.758Z", "region_en": null, "region_fr": "La Pampa"}}, {"pk": 50, "model": "corewine.region", "fields": {"status": "a", "created": "2013-11-21T00:57:01.058Z", "country": 7, "region": "South Autralia", "last_modified": "2013-11-21T00:57:01.058Z", "region_en": "South Autralia", "region_fr": "Australie Du Sud"}}, {"pk": 51, "model": "corewine.region", "fields": {"status": "a", "created": "2013-11-21T00:57:15.702Z", "country": 7, "region": "New South Wales", "last_modified": "2013-11-21T00:57:15.702Z", "region_en": null, "region_fr": "New South Wales"}}, {"pk": 52, "model": "corewine.region", "fields": {"status": "a", "created": "2013-11-21T00:57:51.313Z", "country": 7, "region": "Western Autralia", "last_modified": "2013-11-21T00:57:51.313Z", "region_en": null, "region_fr": "Western Autralia"}}, {"pk": 53, "model": "corewine.region", "fields": {"status": "a", "created": "2013-11-21T00:58:03.539Z", "country": 7, "region": "Tasmania", "last_modified": "2013-11-21T00:58:03.539Z", "region_en": null, "region_fr": "Tasmania"}}, {"pk": 54, "model": "corewine.region", "fields": {"status": "a", "created": "2013-11-21T00:58:50.688Z", "country": 19, "region": "Burgenland", "last_modified": "2013-11-21T00:58:50.688Z", "region_en": null, "region_fr": "Burgenland"}}, {"pk": 55, "model": "corewine.region", "fields": {"status": "a", "created": "2013-11-21T01:00:03.389Z", "country": 19, "region": "Nieder\u00f6sterreich", "last_modified": "2013-11-21T01:00:03.389Z", "region_en": null, "region_fr": "Nieder\u00f6sterreich"}}, {"pk": 56, "model": "corewine.region", "fields": {"status": "a", "created": "2013-11-21T01:00:20.797Z", "country": 19, "region": "Weinviertel", "last_modified": "2013-11-21T01:00:20.797Z", "region_en": null, "region_fr": "Weinviertel"}}, {"pk": 57, "model": "corewine.region", "fields": {"status": "a", "created": "2013-11-21T01:00:28.445Z", "country": 19, "region": "Wachau", "last_modified": "2013-11-21T01:00:28.445Z", "region_en": null, "region_fr": "Wachau"}}, {"pk": 58, "model": "corewine.region", "fields": {"status": "a", "created": "2013-11-21T01:00:36.994Z", "country": 19, "region": "Kremstal", "last_modified": "2013-11-21T01:00:36.994Z", "region_en": null, "region_fr": "Kremstal"}}, {"pk": 59, "model": "corewine.region", "fields": {"status": "a", "created": "2013-11-21T01:00:46.232Z", "country": 19, "region": "Kamptal", "last_modified": "2013-11-21T01:00:46.232Z", "region_en": null, "region_fr": "Kamptal"}}, {"pk": 60, "model": "corewine.region", "fields": {"status": "a", "created": "2013-11-21T01:00:53.030Z", "country": 19, "region": "Traisental", "last_modified": "2013-11-21T01:00:53.030Z", "region_en": null, "region_fr": "Traisental"}}, {"pk": 61, "model": "corewine.region", "fields": {"status": "a", "created": "2013-11-21T01:01:03.034Z", "country": 19, "region": "Donauland", "last_modified": "2013-11-21T01:01:03.034Z", "region_en": null, "region_fr": "Donauland"}}, {"pk": 62, "model": "corewine.region", "fields": {"status": "a", "created": "2013-11-21T01:01:08.262Z", "country": 19, "region": "Wagram", "last_modified": "2013-11-21T01:01:08.262Z", "region_en": null, "region_fr": "Wagram"}}, {"pk": 63, "model": "corewine.region", "fields": {"status": "a", "created": "2013-11-21T01:01:14.550Z", "country": 19, "region": "Klosterneuburg", "last_modified": "2013-11-21T01:04:58.666Z", "region_en": null, "region_fr": "Klosterneuburg"}}, {"pk": 64, "model": "corewine.region", "fields": {"status": "a", "created": "2013-11-21T01:01:23.268Z", "country": 19, "region": "Carnuntum", "last_modified": "2013-11-21T01:01:23.268Z", "region_en": null, "region_fr": "Carnuntum"}}, {"pk": 65, "model": "corewine.region", "fields": {"status": "a", "created": "2013-11-21T01:01:29.877Z", "country": 19, "region": "Thermenregion", "last_modified": "2013-11-21T01:01:29.877Z", "region_en": null, "region_fr": "Thermenregion"}}, {"pk": 66, "model": "corewine.region", "fields": {"status": "a", "created": "2013-11-21T01:01:36.633Z", "country": 19, "region": "Neusiedlersee", "last_modified": "2013-11-21T01:01:36.633Z", "region_en": null, "region_fr": "Neusiedlersee"}}, {"pk": 67, "model": "corewine.region", "fields": {"status": "a", "created": "2013-11-21T01:01:46.745Z", "country": 19, "region": "Neusiedlersee-H\u00fcgelland", "last_modified": "2013-11-21T01:01:46.745Z", "region_en": null, "region_fr": "Neusiedlersee-H\u00fcgelland"}}, {"pk": 68, "model": "corewine.region", "fields": {"status": "a", "created": "2013-11-21T01:01:51.633Z", "country": 19, "region": "Mittelburgenland", "last_modified": "2013-11-21T01:01:51.633Z", "region_en": null, "region_fr": "Mittelburgenland"}}, {"pk": 69, "model": "corewine.region", "fields": {"status": "a", "created": "2013-11-21T01:01:56.852Z", "country": 19, "region": "S\u00fcdburgenland", "last_modified": "2013-11-21T01:01:56.851Z", "region_en": null, "region_fr": "S\u00fcdburgenland"}}, {"pk": 70, "model": "corewine.region", "fields": {"status": "a", "created": "2013-11-21T01:02:05.406Z", "country": 19, "region": "Steirerland", "last_modified": "2013-11-21T01:02:05.406Z", "region_en": null, "region_fr": "Steirerland"}}, {"pk": 71, "model": "corewine.region", "fields": {"status": "a", "created": "2013-11-21T01:02:13.131Z", "country": 19, "region": "S\u00fcdoststeiermark", "last_modified": "2013-11-21T01:04:48.091Z", "region_en": null, "region_fr": "S\u00fcdoststeiermark"}}, {"pk": 72, "model": "corewine.region", "fields": {"status": "a", "created": "2013-11-21T01:02:18.363Z", "country": 19, "region": "S\u00fcdsteiermark", "last_modified": "2013-11-21T01:02:18.363Z", "region_en": null, "region_fr": "S\u00fcdsteiermark"}}, {"pk": 73, "model": "corewine.region", "fields": {"status": "a", "created": "2013-11-21T01:02:27.496Z", "country": 19, "region": "Weststeiermark", "last_modified": "2013-11-21T01:02:27.496Z", "region_en": null, "region_fr": "Weststeiermark"}}, {"pk": 74, "model": "corewine.region", "fields": {"status": "a", "created": "2013-11-21T01:02:34.234Z", "country": 19, "region": "Wien", "last_modified": "2013-11-21T01:02:34.234Z", "region_en": null, "region_fr": "Wien"}}, {"pk": 75, "model": "corewine.region", "fields": {"status": "a", "created": "2013-11-21T01:02:46.659Z", "country": 19, "region": "Bergland \u00d6sterreich", "last_modified": "2013-11-21T01:02:46.659Z", "region_en": null, "region_fr": "Bergland \u00d6sterreich"}}, {"pk": 76, "model": "corewine.region", "fields": {"status": "a", "created": "2013-11-21T01:02:53.470Z", "country": 19, "region": "Ober\u00f6sterreich", "last_modified": "2013-11-21T01:02:53.470Z", "region_en": null, "region_fr": "Ober\u00f6sterreich"}}, {"pk": 77, "model": "corewine.region", "fields": {"status": "a", "created": "2013-11-21T01:03:00.009Z", "country": 19, "region": "Salzburgo", "last_modified": "2013-11-21T01:03:00.009Z", "region_en": null, "region_fr": "Salzburgo"}}, {"pk": 78, "model": "corewine.region", "fields": {"status": "a", "created": "2013-11-21T01:03:28.966Z", "country": 19, "region": "K\u00e4rnten", "last_modified": "2013-11-21T01:03:28.966Z", "region_en": null, "region_fr": "K\u00e4rnten"}}, {"pk": 79, "model": "corewine.region", "fields": {"status": "a", "created": "2013-11-21T01:03:40.336Z", "country": 19, "region": "Tirol", "last_modified": "2013-11-21T01:03:40.335Z", "region_en": null, "region_fr": "Tirol"}}, {"pk": 80, "model": "corewine.region", "fields": {"status": "a", "created": "2013-11-21T01:03:47.586Z", "country": 19, "region": "Vorarlberg", "last_modified": "2013-11-21T01:03:47.586Z", "region_en": null, "region_fr": "Vorarlberg"}}, {"pk": 81, "model": "corewine.region", "fields": {"status": "a", "created": "2013-11-21T01:22:52.162Z", "country": 24, "region": "Hagelandse Wijn", "last_modified": "2013-11-21T01:22:52.162Z", "region_en": null, "region_fr": "Hagelandse Wijn"}}, {"pk": 82, "model": "corewine.region", "fields": {"status": "a", "created": "2013-11-21T01:23:04.357Z", "country": 24, "region": "Haspengouwse", "last_modified": "2013-11-21T01:23:04.357Z", "region_en": null, "region_fr": "Haspengouwse"}}, {"pk": 83, "model": "corewine.region", "fields": {"status": "a", "created": "2013-11-21T01:23:21.845Z", "country": 24, "region": "Montelberg", "last_modified": "2013-11-21T01:23:21.845Z", "region_en": null, "region_fr": "Montelberg"}}, {"pk": 84, "model": "corewine.region", "fields": {"status": "a", "created": "2013-11-21T01:23:30.783Z", "country": 24, "region": "Kemmelberg", "last_modified": "2013-11-21T01:23:30.783Z", "region_en": null, "region_fr": "Kemmelberg"}}, {"pk": 85, "model": "corewine.region", "fields": {"status": "a", "created": "2013-11-21T01:23:37.662Z", "country": 24, "region": "Baneberg", "last_modified": "2013-11-21T01:23:37.662Z", "region_en": null, "region_fr": "Baneberg"}}, {"pk": 86, "model": "corewine.region", "fields": {"status": "a", "created": "2013-11-21T01:23:48.596Z", "country": 24, "region": "Vidaigneberg", "last_modified": "2013-11-21T01:23:48.596Z", "region_en": null, "region_fr": "Vidaigneberg"}}, {"pk": 87, "model": "corewine.region", "fields": {"status": "a", "created": "2013-11-21T01:23:58.836Z", "country": 24, "region": "Meuse", "last_modified": "2013-11-21T01:23:58.836Z", "region_en": null, "region_fr": "Meuse"}}, {"pk": 88, "model": "corewine.region", "fields": {"status": "a", "created": "2013-11-21T01:24:09.065Z", "country": 24, "region": "Wallone", "last_modified": "2013-11-21T01:24:09.065Z", "region_en": null, "region_fr": "Wallone"}}, {"pk": 89, "model": "corewine.region", "fields": {"status": "a", "created": "2013-11-21T01:25:21.140Z", "country": 17, "region": "Rio Grande Do Sul", "last_modified": "2013-11-21T01:25:21.140Z", "region_en": null, "region_fr": "Rio Grande Do Sul"}}, {"pk": 90, "model": "corewine.region", "fields": {"status": "a", "created": "2013-11-21T01:25:54.605Z", "country": 17, "region": "Sierra Ga\u00facha", "last_modified": "2013-11-21T01:25:54.605Z", "region_en": null, "region_fr": "Sierra Ga\u00facha"}}, {"pk": 91, "model": "corewine.region", "fields": {"status": "a", "created": "2013-11-21T01:26:02.310Z", "country": 17, "region": "Vale Dos Vinhedos", "last_modified": "2013-11-21T01:26:02.310Z", "region_en": null, "region_fr": "Vale Dos Vinhedos"}}, {"pk": 92, "model": "corewine.region", "fields": {"status": "a", "created": "2013-11-21T01:26:18.839Z", "country": 17, "region": "Sao Francisco River Valley", "last_modified": "2013-11-21T01:26:18.839Z", "region_en": null, "region_fr": "Sao Francisco River Valley"}}, {"pk": 93, "model": "corewine.region", "fields": {"status": "a", "created": "2013-11-21T01:27:01.664Z", "country": 17, "region": "Jundia\u00ed", "last_modified": "2013-11-21T01:27:01.664Z", "region_en": null, "region_fr": "Jundia\u00ed"}}, {"pk": 94, "model": "corewine.region", "fields": {"status": "a", "created": "2013-11-21T01:27:26.412Z", "country": 17, "region": "S\u00e3o Roque", "last_modified": "2013-11-21T01:27:26.412Z", "region_en": null, "region_fr": "S\u00e3o Roque"}}, {"pk": 95, "model": "corewine.region", "fields": {"status": "a", "created": "2013-11-21T01:27:34.191Z", "country": 17, "region": "Santa Catarina", "last_modified": "2013-11-21T01:27:34.191Z", "region_en": null, "region_fr": "Santa Catarina"}}, {"pk": 96, "model": "corewine.region", "fields": {"status": "a", "created": "2013-11-21T01:27:51.393Z", "country": 17, "region": "Valle Del Rio Do Peixe", "last_modified": "2013-11-21T01:27:51.393Z", "region_en": null, "region_fr": "Valle Del Rio Do Peixe"}}, {"pk": 97, "model": "corewine.region", "fields": {"status": "a", "created": "2013-11-21T01:27:57.512Z", "country": 17, "region": "Parana", "last_modified": "2013-11-21T01:27:57.512Z", "region_en": null, "region_fr": "Parana"}}, {"pk": 98, "model": "corewine.region", "fields": {"status": "a", "created": "2013-11-21T01:28:07.625Z", "country": 17, "region": "Minas Gerais", "last_modified": "2013-11-21T01:28:07.625Z", "region_en": null, "region_fr": "Minas Gerais"}}, {"pk": 99, "model": "corewine.region", "fields": {"status": "a", "created": "2013-11-21T01:32:59.778Z", "country": 11, "region": "Niagara", "last_modified": "2013-11-21T01:32:59.777Z", "region_en": null, "region_fr": "Niagara"}}, {"pk": 100, "model": "corewine.region", "fields": {"status": "a", "created": "2013-11-21T01:33:45.989Z", "country": 11, "region": "Colombie Britannique", "last_modified": "2013-11-21T01:33:45.989Z", "region_en": null, "region_fr": "Colombie Britannique"}}, {"pk": 101, "model": "corewine.region", "fields": {"status": "a", "created": "2013-11-21T01:33:53.541Z", "country": 11, "region": "Qu\u00e9bec", "last_modified": "2013-11-21T01:33:53.541Z", "region_en": null, "region_fr": "Qu\u00e9bec"}}, {"pk": 102, "model": "corewine.region", "fields": {"status": "a", "created": "2013-11-21T01:34:37.951Z", "country": 13, "region": "Regi\u00f3n Del Maule", "last_modified": "2013-11-21T01:34:37.951Z", "region_en": null, "region_fr": "Regi\u00f3n Del Maule"}}, {"pk": 103, "model": "corewine.region", "fields": {"status": "a", "created": "2013-11-21T01:35:07.035Z", "country": 13, "region": "Regi\u00f3n Del Libertador General Bernardo O Higgins", "last_modified": "2013-11-21T01:35:07.035Z", "region_en": null, "region_fr": "Regi\u00f3n Del Libertador General Bernardo O Higgins"}}, {"pk": 104, "model": "corewine.region", "fields": {"status": "a", "created": "2013-11-21T01:35:16.594Z", "country": 13, "region": "Santiago", "last_modified": "2013-11-21T01:35:16.594Z", "region_en": null, "region_fr": "Santiago"}}, {"pk": 105, "model": "corewine.region", "fields": {"status": "a", "created": "2013-11-21T01:35:50.654Z", "country": 14, "region": " Tonghua", "last_modified": "2013-11-21T01:35:50.654Z", "region_en": null, "region_fr": " Tonghua"}}, {"pk": 106, "model": "corewine.region", "fields": {"status": "a", "created": "2013-11-21T01:35:59.358Z", "country": 14, "region": "Bohaiwan", "last_modified": "2013-11-21T01:35:59.358Z", "region_en": null, "region_fr": "Bohaiwan"}}, {"pk": 107, "model": "corewine.region", "fields": {"status": "a", "created": "2013-11-21T01:36:07.424Z", "country": 14, "region": "Huaizhuo", "last_modified": "2013-11-21T01:36:07.424Z", "region_en": null, "region_fr": "Huaizhuo"}}, {"pk": 108, "model": "corewine.region", "fields": {"status": "a", "created": "2013-11-21T01:36:13.889Z", "country": 14, "region": "Qinxu", "last_modified": "2013-11-21T01:36:13.889Z", "region_en": null, "region_fr": "Qinxu"}}, {"pk": 109, "model": "corewine.region", "fields": {"status": "a", "created": "2013-11-21T01:36:20.725Z", "country": 14, "region": "Yinchuan", "last_modified": "2013-11-21T01:36:20.725Z", "region_en": null, "region_fr": "Yinchuan"}}, {"pk": 110, "model": "corewine.region", "fields": {"status": "a", "created": "2013-11-21T01:36:27.891Z", "country": 14, "region": "Gansu", "last_modified": "2013-11-21T01:36:27.891Z", "region_en": null, "region_fr": "Gansu"}}, {"pk": 111, "model": "corewine.region", "fields": {"status": "a", "created": "2013-11-21T01:36:37.234Z", "country": 14, "region": "Shihezi De Xinjiang", "last_modified": "2013-11-21T01:36:37.234Z", "region_en": null, "region_fr": "Shihezi De Xinjiang"}}, {"pk": 112, "model": "corewine.region", "fields": {"status": "a", "created": "2013-11-21T01:36:49.431Z", "country": 14, "region": "Mile", "last_modified": "2013-11-21T01:36:49.431Z", "region_en": null, "region_fr": "Mile"}}, {"pk": 113, "model": "corewine.region", "fields": {"status": "a", "created": "2013-11-21T01:36:58.099Z", "country": 14, "region": "Huanghegudao", "last_modified": "2013-11-21T01:36:58.099Z", "region_en": null, "region_fr": "Huanghegudao"}}, {"pk": 114, "model": "corewine.region", "fields": {"status": "a", "created": "2013-11-21T01:38:44.090Z", "country": 2, "region": "Castille-La-Manche", "last_modified": "2013-11-21T01:38:44.090Z", "region_en": null, "region_fr": "Castille-La-Manche"}}, {"pk": 115, "model": "corewine.region", "fields": {"status": "a", "created": "2013-11-21T01:39:52.159Z", "country": 2, "region": "Galice", "last_modified": "2013-11-21T01:39:52.159Z", "region_en": null, "region_fr": "Galice"}}, {"pk": 116, "model": "corewine.region", "fields": {"status": "a", "created": "2013-11-21T01:39:58.596Z", "country": 2, "region": "Murcie", "last_modified": "2013-11-21T01:39:58.596Z", "region_en": null, "region_fr": "Murcie"}}, {"pk": 117, "model": "corewine.region", "fields": {"status": "a", "created": "2013-11-21T01:40:34.831Z", "country": 6, "region": "Washington", "last_modified": "2013-11-21T01:40:34.831Z", "region_en": null, "region_fr": "Washington"}}, {"pk": 118, "model": "corewine.region", "fields": {"status": "a", "created": "2013-11-21T01:40:52.368Z", "country": 6, "region": "New York", "last_modified": "2013-11-21T01:40:52.368Z", "region_en": null, "region_fr": "New York"}}, {"pk": 119, "model": "corewine.region", "fields": {"status": "a", "created": "2013-11-21T01:41:20.429Z", "country": 6, "region": "Sonoma Country", "last_modified": "2013-11-21T01:41:20.429Z", "region_en": null, "region_fr": "Sonoma Country"}}, {"pk": 120, "model": "corewine.region", "fields": {"status": "a", "created": "2013-11-21T01:41:28.607Z", "country": 6, "region": "Californie", "last_modified": "2013-11-21T01:41:28.607Z", "region_en": null, "region_fr": "Californie"}}, {"pk": 121, "model": "corewine.region", "fields": {"status": "a", "created": "2013-11-21T01:41:37.331Z", "country": 6, "region": "Napa Valley", "last_modified": "2013-11-21T01:45:33.426Z", "region_en": null, "region_fr": "Napa Valley"}}, {"pk": 122, "model": "corewine.region", "fields": {"status": "a", "created": "2013-11-21T01:41:49.367Z", "country": 6, "region": "Monterey ", "last_modified": "2013-11-21T01:41:49.367Z", "region_en": null, "region_fr": "Monterey "}}, {"pk": 123, "model": "corewine.region", "fields": {"status": "a", "created": "2013-11-21T01:42:06.867Z", "country": 6, "region": "Oregon", "last_modified": "2013-11-21T01:42:06.866Z", "region_en": null, "region_fr": "Oregon"}}, {"pk": 1, "model": "corewine.producer", "fields": {"status": "p", "last_modified": "2013-11-13T00:04:07.889Z", "producer": "Pierro Pan", "created": "2013-10-26T16:23:25.121Z"}}, {"pk": 3, "model": "corewine.producer", "fields": {"status": "p", "last_modified": "2013-11-12T01:24:51.432Z", "producer": "La Crema", "created": "2013-10-27T21:23:05.167Z"}}, {"pk": 4, "model": "corewine.producer", "fields": {"status": "p", "last_modified": "2013-11-11T23:46:44.748Z", "producer": "Alain Brumont", "created": "2013-11-07T01:07:37.953Z"}}, {"pk": 8, "model": "corewine.producer", "fields": {"status": "p", "last_modified": "2013-11-12T00:02:06.694Z", "producer": "Domaine Clavel", "created": "2013-11-08T00:48:51.828Z"}}, {"pk": 9, "model": "corewine.producer", "fields": {"status": "p", "last_modified": "2013-11-12T01:24:18.067Z", "producer": "Domaine De L'\u00c9cu", "created": "2013-11-09T15:00:54.608Z"}}, {"pk": 10, "model": "corewine.producer", "fields": {"status": "p", "last_modified": "2013-11-11T23:58:57.338Z", "producer": "Allegrini", "created": "2013-11-10T16:10:17.001Z"}}, {"pk": 11, "model": "corewine.producer", "fields": {"status": "p", "last_modified": "2013-11-11T23:51:32.707Z", "producer": "Dominio De Tares", "created": "2013-11-10T19:21:54.635Z"}}, {"pk": 12, "model": "corewine.producer", "fields": {"status": "p", "last_modified": "2013-11-11T23:50:21.536Z", "producer": "Domaine Fougeray De Beauclair", "created": "2013-11-11T02:03:51.618Z"}}, {"pk": 13, "model": "corewine.producer", "fields": {"status": "p", "last_modified": "2013-11-11T23:52:57.400Z", "producer": "Lorenzitti", "created": "2013-11-11T02:09:04.589Z"}}, {"pk": 14, "model": "corewine.producer", "fields": {"status": "p", "last_modified": "2013-11-11T23:44:27.708Z", "producer": "Antinori", "created": "2013-11-11T02:13:31.607Z"}}, {"pk": 15, "model": "corewine.producer", "fields": {"status": "p", "last_modified": "2013-11-12T01:46:02.115Z", "producer": "Marques De Murrieta", "created": "2013-11-11T02:17:55.071Z"}}, {"pk": 16, "model": "corewine.producer", "fields": {"status": "p", "last_modified": "2013-11-11T23:25:56.171Z", "producer": "Paul janin", "created": "2013-11-11T23:25:56.171Z"}}, {"pk": 17, "model": "corewine.producer", "fields": {"status": "p", "last_modified": "2013-11-11T23:35:11.011Z", "producer": "Scotchmans Hill", "created": "2013-11-11T23:35:11.011Z"}}, {"pk": 18, "model": "corewine.producer", "fields": {"status": "p", "last_modified": "2013-11-11T23:36:22.975Z", "producer": "Victoria", "created": "2013-11-11T23:36:22.975Z"}}, {"pk": 19, "model": "corewine.producer", "fields": {"status": "p", "last_modified": "2013-11-11T23:56:46.659Z", "producer": "Delas", "created": "2013-11-11T23:56:41.847Z"}}, {"pk": 14, "model": "corewine.tag", "fields": {"status": "a", "description": "", "created": "2013-11-10T18:37:45.877Z", "tag": "Souple", "description_en": null, "tag_en": null, "last_modified": "2013-11-10T18:37:45.877Z", "tag_fr": "Souple", "description_fr": null, "wineType": "w"}}, {"pk": 15, "model": "corewine.tag", "fields": {"status": "a", "description": "", "created": "2013-11-10T18:37:45.956Z", "tag": "Velout\u00e9", "description_en": null, "tag_en": null, "last_modified": "2013-11-10T18:37:45.956Z", "tag_fr": "Velout\u00e9", "description_fr": null, "wineType": "w"}}, {"pk": 18, "model": "corewine.tag", "fields": {"status": "a", "description": "", "created": "2013-11-10T19:57:53.199Z", "tag": "Tendu", "description_en": null, "tag_en": null, "last_modified": "2013-11-10T19:57:53.199Z", "tag_fr": "Tendu", "description_fr": null, "wineType": "w"}}, {"pk": 19, "model": "corewine.tag", "fields": {"status": "a", "description": "", "created": "2013-11-11T02:03:51.865Z", "tag": "Frais", "description_en": null, "tag_en": null, "last_modified": "2013-11-11T02:03:51.865Z", "tag_fr": "Frais", "description_fr": null, "wineType": "r"}}, {"pk": 20, "model": "corewine.tag", "fields": {"status": "a", "description": "", "created": "2013-11-11T02:03:51.919Z", "tag": "Cerise", "description_en": null, "tag_en": null, "last_modified": "2013-11-11T02:03:51.919Z", "tag_fr": "Cerise", "description_fr": null, "wineType": "r"}}, {"pk": 21, "model": "corewine.tag", "fields": {"status": "a", "description": "", "created": "2013-11-11T02:09:04.832Z", "tag": "Ch\u00eane", "description_en": null, "tag_en": null, "last_modified": "2013-11-11T02:09:04.832Z", "tag_fr": "Ch\u00eane", "description_fr": null, "wineType": "r"}}, {"pk": 22, "model": "corewine.tag", "fields": {"status": "a", "description": "", "created": "2013-11-11T02:09:04.864Z", "tag": "L\u00e9ger", "description_en": null, "tag_en": null, "last_modified": "2013-11-11T02:09:04.864Z", "tag_fr": "L\u00e9ger", "description_fr": null, "wineType": "w"}}, {"pk": 23, "model": "corewine.tag", "fields": {"status": "a", "description": "", "created": "2013-11-11T02:13:31.827Z", "tag": "Alcooleux", "description_en": null, "tag_en": null, "last_modified": "2013-11-19T00:48:45.613Z", "tag_fr": "Alcooleux", "description_fr": null, "wineType": "r"}}, {"pk": 24, "model": "corewine.tag", "fields": {"status": "a", "description": "", "created": "2013-11-11T02:13:31.871Z", "tag": "Fruits Rouges", "description_en": null, "tag_en": null, "last_modified": "2013-11-11T02:13:31.871Z", "tag_fr": "Fruits Rouges", "description_fr": null, "wineType": "r"}}, {"pk": 26, "model": "corewine.tag", "fields": {"status": "a", "description": "", "created": "2013-11-11T02:17:55.212Z", "tag": "Rond", "description_en": null, "tag_en": null, "last_modified": "2013-11-11T02:17:55.212Z", "tag_fr": "Rond", "description_fr": null, "wineType": "w"}}, {"pk": 27, "model": "corewine.tag", "fields": {"status": "a", "description": "", "created": "2013-11-11T02:17:55.253Z", "tag": "Fondu", "description_en": null, "tag_en": null, "last_modified": "2013-11-11T02:17:55.252Z", "tag_fr": "Fondu", "description_fr": null, "wineType": "r"}}, {"pk": 28, "model": "corewine.tag", "fields": {"status": "a", "description": "", "created": "2013-11-11T02:19:14.760Z", "tag": "Gras", "description_en": null, "tag_en": null, "last_modified": "2013-11-11T02:19:14.760Z", "tag_fr": "Gras", "description_fr": null, "wineType": "w"}}, {"pk": 29, "model": "corewine.tag", "fields": {"status": "a", "description": "", "created": "2013-11-11T02:19:14.825Z", "tag": "Soyeux", "description_en": null, "tag_en": null, "last_modified": "2013-11-11T02:19:14.823Z", "tag_fr": "Soyeux", "description_fr": null, "wineType": "w"}}, {"pk": 30, "model": "corewine.tag", "fields": {"status": "a", "description": "", "created": "2013-11-11T23:25:56.445Z", "tag": "Dense", "description_en": null, "tag_en": null, "last_modified": "2013-11-11T23:25:56.445Z", "tag_fr": "Dense", "description_fr": null, "wineType": "r"}}, {"pk": 31, "model": "corewine.tag", "fields": {"status": "a", "description": "", "created": "2013-11-11T23:25:56.478Z", "tag": "Doux", "description_en": null, "tag_en": null, "last_modified": "2013-11-11T23:25:56.478Z", "tag_fr": "Doux", "description_fr": null, "wineType": "r"}}, {"pk": 32, "model": "corewine.tag", "fields": {"status": "a", "description": "", "created": "2013-11-11T23:36:04.290Z", "tag": "Fruits M\u00fbrs", "description_en": null, "tag_en": null, "last_modified": "2013-11-19T00:48:31.953Z", "tag_fr": "Fruits M\u00fbrs", "description_fr": null, "wineType": "r"}}, {"pk": 33, "model": "corewine.tag", "fields": {"status": "a", "description": "", "created": "2013-11-11T23:36:04.340Z", "tag": "Onctueux", "description_en": null, "tag_en": null, "last_modified": "2013-11-11T23:36:04.340Z", "tag_fr": "Onctueux", "description_fr": null, "wineType": "w"}}, {"pk": 34, "model": "corewine.tag", "fields": {"status": "a", "description": "", "created": "2013-11-11T23:36:04.387Z", "tag": "Opulent", "description_en": null, "tag_en": null, "last_modified": "2013-11-11T23:36:04.387Z", "tag_fr": "Opulent", "description_fr": null, "wineType": "w"}}, {"pk": 35, "model": "corewine.tag", "fields": {"status": "a", "description": "", "created": "2013-11-11T23:58:57.711Z", "tag": "D\u00e9licat", "description_en": null, "tag_en": null, "last_modified": "2013-11-11T23:58:57.711Z", "tag_fr": "D\u00e9licat", "description_fr": null, "wineType": "r"}}, {"pk": 36, "model": "corewine.tag", "fields": {"status": "a", "description": "", "created": "2013-11-11T23:58:57.746Z", "tag": "Robuste", "description_en": null, "tag_en": null, "last_modified": "2013-11-11T23:58:57.746Z", "tag_fr": "Robuste", "description_fr": null, "wineType": "w"}}, {"pk": 37, "model": "corewine.tag", "fields": {"status": "a", "description": "", "created": "2013-11-11T23:58:57.785Z", "tag": "Sec", "description_en": null, "tag_en": null, "last_modified": "2013-11-11T23:58:57.785Z", "tag_fr": "Sec", "description_fr": null, "wineType": "w"}}, {"pk": 38, "model": "corewine.tag", "fields": {"status": "a", "description": "", "created": "2013-11-19T00:56:14.428Z", "tag": "yo", "description_en": null, "tag_en": "yo", "last_modified": "2013-11-19T00:56:14.428Z", "tag_fr": "Test", "description_fr": null, "wineType": "w"}}, {"pk": 39, "model": "corewine.tag", "fields": {"status": "a", "description": "", "created": "2013-11-19T00:56:54.862Z", "tag": "Afsdfjkl", "description_en": null, "tag_en": null, "last_modified": "2013-11-19T00:56:54.862Z", "tag_fr": "Afsdfjkl", "description_fr": null, "wineType": "r"}}, {"pk": 1, "model": "corewine.wine", "fields": {"rating": "4.5", "producer": 4, "taste": 2, "aroma": 5, "persistance": "0.5", "tag": [], "year": 2006, "mouth_intensity": "0.5", "appelation": 4, "acidity": 2, "cepage": [6, 7, 8], "price": 27.9, "teint": 8, "alcool": 14.5, "code_saq": "705 483", "tanin": 10, "last_modified": "2013-11-19T02:05:44.594Z", "date": "2012-10-30", "slug": "chateau-montus", "name": "Chateau Montus", "created": "2013-11-07T01:07:46.005Z", "country": 1, "region": 6, "nose_intensity": "1", "wineType": "r"}}, {"pk": 6, "model": "corewine.wine", "fields": {"rating": "1.5", "producer": 11, "taste": 2, "aroma": 3, "persistance": "1.5", "tag": [], "year": 2011, "mouth_intensity": "1", "appelation": 12, "acidity": 4, "cepage": [6, 4, 5, 1, 7], "price": 12.89, "teint": 2, "alcool": 12.0, "code_saq": "108 652 94903480394", "tanin": 9, "last_modified": "2013-11-10T19:22:00.015Z", "date": "2012-10-30", "slug": "dominio-de-tares", "name": "Dominio de Tares", "created": "2013-11-10T19:22:00.015Z", "country": 7, "region": 9, "nose_intensity": "1", "wineType": "r"}}, {"pk": 7, "model": "corewine.wine", "fields": {"rating": "1.5", "producer": 12, "taste": 2, "aroma": 2, "persistance": "1", "tag": [14, 18], "year": 2012, "mouth_intensity": "1", "appelation": 13, "acidity": 4, "cepage": [1], "price": 12.22, "teint": 2, "alcool": 13.5, "code_saq": "34890384094", "tanin": 7, "last_modified": "2013-11-11T02:07:31.145Z", "date": "2013-10-09", "slug": "domaine-fougeray", "name": "Domaine Fougeray", "created": "2013-11-11T02:07:31.145Z", "country": 1, "region": 12, "nose_intensity": "0.5", "wineType": "r"}}, {"pk": 9, "model": "corewine.wine", "fields": {"rating": "0.5", "producer": 14, "taste": 3, "aroma": 2, "persistance": "1.5", "tag": [23], "year": 2012, "mouth_intensity": "1", "appelation": 4, "acidity": 4, "cepage": [4, 5, 8], "price": 12.22, "teint": 3, "alcool": 12.0, "code_saq": "90344384903480", "tanin": 7, "last_modified": "2013-11-11T02:14:28.007Z", "date": "2012-10-30", "slug": "villa-antinori", "name": "Villa Antinori", "created": "2013-11-11T02:14:28.007Z", "country": 4, "region": 14, "nose_intensity": "2", "wineType": "r"}}, {"pk": 14, "model": "corewine.wine", "fields": {"rating": "1.5", "producer": 19, "taste": 2, "aroma": 2, "persistance": "1", "tag": [], "year": 2013, "mouth_intensity": "1", "appelation": 18, "acidity": 2, "cepage": [], "price": 24.35, "teint": 3, "alcool": 13.5, "code_saq": "38902839390", "tanin": 8, "last_modified": "2013-11-11T23:56:46.957Z", "date": "2013-10-09", "slug": "touterelle", "name": "Touterelle", "created": "2013-11-11T23:56:46.958Z", "country": 19, "region": 13, "nose_intensity": "1", "wineType": "w"}}]